"","X1","title","cast"
"1",1,"The Avengers","[""Ralph Fiennes"",""Sean Connery"",""Uma Thurman""]"
"2",2,"Robin Hood","[""Cate Blanchett"",""Matthew MacFadyen"",""Russell Crowe""]"
"3",3,"Titanic","[""Kate Winslet"",""Leonardo DiCaprio""]"
"4",4,"The Great Gatsby","[""Carey Mulligan"",""Jason Clarke"",""Joel Edgerton"",""Leonardo DiCaprio"",""Tobey Maguire""]"
"5",5,"A Christmas Carol","[""Colin Firth"",""Gary Oldman"",""Jim Carrey""]"
"6",6,"Batman Begins","[""Christian Bale"",""Ken Watanabe"",""Michael Caine""]"
"7",7,"Armageddon","[""Ben Affleck"",""Billy Bob Thornton"",""Bruce Willis"",""Liv Tyler""]"
"8",8,"Men in Black II","[""Tommy Lee Jones"",""Will Smith""]"
"9",9,"Fun with Dick and Jane","[""Jim Carrey"",""T\u00e9a Leoni""]"
"10",10,"The Last Samurai","[""Billy Connolly"",""Ken Watanabe"",""Tom Cruise""]"
"11",11,"Final Fantasy: The Spirits Within","[""Alec Baldwin"",""Steve Buscemi""]"
"12",12,"Bad Boys II","[""Gabrielle Union"",""Martin Lawrence"",""Will Smith""]"
"13",13,"Dinosaur","[""D.B. Sweeney"",""Julianna Margulies"",""Samuel E. Wright""]"
"14",14,"Pirates of the Caribbean: The Curse of the Black Pearl","[""Geoffrey Rush"",""Johnny Depp"",""Jonathan Pryce"",""Keira Knightley"",""Orlando Bloom""]"
"15",15,"Clash of the Titans","[""Liam Neeson"",""Ralph Fiennes"",""Sam Worthington""]"
"16",16,"The Perfect Storm","[""George Clooney"",""Mark Wahlberg""]"
"17",17,"Stuart Little 2","[""Geena Davis"",""Michael J. Fox""]"
"18",18,"Speed Racer","""Emile Hirsch"""
"19",19,"Dante's Peak","[""Linda Hamilton"",""Pierce Brosnan""]"
"20",20,"Fantastic Four","[""Chris Evans"",""Hamish Linklater"",""Ioan Gruffudd"",""Jessica Alba"",""Michael Chiklis""]"
"21",21,"Around the World in 80 Days","[""Jackie Chan"",""Jim Broadbent"",""Steve Coogan""]"
"22",22,"Town & Country",NA
"23",23,"Planet of the Apes","[""Helena Bonham Carter"",""Mark Wahlberg""]"
"24",24,"The Hunchback of Notre Dame","[""Bill Fagerbakke"",""Charles Kimbrough"",""Corey Burton"",""Demi Moore"",""Jason Alexander"",""Jim Cummings"",""Mary Kay Bergman"",""Paul Kandel"",""Tom Hulce"",""Tony Jay""]"
"25",25,"The Emperor's New Groove","[""David Spade"",""John Goodman""]"
"26",26,"End of Days","[""Arnold Schwarzenegger"",""Gabriel Byrne"",""Robin Tunney""]"
"27",27,"Hercules","[""Dwayne Johnson"",""Ian McShane"",""John Hurt"",""Joseph Fiennes"",""Rufus Sewell""]"
"28",28,"The Spanish Prisoner","[""Ben Gazzara"",""Steve Martin""]"
"29",29,"Jurassic Park III","[""Sam Neill"",""T\u00e9a Leoni"",""William H. Macy""]"
"30",30,"The Alamo","[""Billy Bob Thornton"",""Dennis Quaid"",""Emilio Echevarr\u00eda"",""Jason Patric""]"
"31",31,"Rush Hour 2","[""Chris Tucker"",""Jackie Chan""]"
"32",32,"Hollow Man","""Kevin Bacon"""
"33",33,"The Saint","[""Elisabeth Shue"",""Val Kilmer""]"
"34",34,"The Devil's Own","[""Brad Pitt"",""Harrison Ford""]"
"35",35,"Conan the Barbarian","[""Arnold Schwarzenegger"",""James Earl Jones""]"
"36",36,"The Bourne Supremacy","[""Brian Cox"",""Franka Potente"",""Joan Allen"",""Julia Stiles"",""Matt Damon""]"
"37",37,"The Three Musketeers","[""Logan Lerman"",""Matthew MacFadyen"",""Ray Stevenson""]"
"38",38,"The Rundown",NA
"39",39,"Collateral Damage","[""Arnold Schwarzenegger"",""John Leguizamo""]"
"40",40,"Creepshow","[""Adrienne Barbeau"",""E.G. Marshall"",""Hal Holbrook"",""Leslie Nielsen"",""Ted Danson""]"
"41",41,"Bruce Almighty","[""Jennifer Aniston"",""Jim Carrey"",""Morgan Freeman""]"
"42",42,"Charlotte's Web","[""Dakota Fanning"",""Julia Roberts"",""Oprah Winfrey""]"
"43",43,"The Longest Yard","[""Adam Sandler"",""Burt Reynolds"",""Chris Rock""]"
"44",44,"Something's Gotta Give","[""Amanda Peet"",""Diane Keaton"",""Frances McDormand"",""Jack Nicholson"",""Keanu Reeves""]"
"45",45,"Road to Perdition","[""Tom Hanks"",""Tyler Hoechlin""]"
"46",46,"Fantasia 2000","[""James Levine"",""Steve Martin""]"
"47",47,"Little Nicky","[""Adam Sandler"",""Patricia Arquette""]"
"48",48,"Mars Attacks!",NA
"49",49,"Evolution","[""David Duchovny"",""Julianne Moore"",""Orlando Jones""]"
"50",50,"A Beautiful Mind","[""Ed Harris"",""Russell Crowe""]"
"51",51,"2 Fast 2 Furious","[""Cole Hauser"",""Paul Walker"",""Tyrese Gibson""]"
"52",52,"50 First Dates","[""Adam Sandler"",""Drew Barrymore"",""Rob Schneider"",""Sean Astin""]"
"53",53,"First Knight",NA
"54",54,"Hostage","[""Bruce Willis"",""Kevin Pollak"",""Serena Scott Thomas""]"
"55",55,"Hostage","[""Bruce Willis"",""Kevin Pollak"",""Serena Scott Thomas""]"
"56",56,"Titan A.E.","[""Bill Pullman"",""Drew Barrymore"",""Matt Damon""]"
"57",57,"Monkeybone","[""Brendan Fraser"",""Bridget Fonda""]"
"58",58,"Sphere","[""Dustin Hoffman"",""Peter Coyote"",""Samuel L. Jackson"",""Sharon Stone""]"
"59",59,"Dr. Dolittle 2","""Eddie Murphy"""
"60",60,"Braveheart","[""Mel Gibson"",""Sophie Marceau""]"
"61",61,"The Village","[""Adrien Brody"",""Bryce Dallas Howard"",""Joaquin Phoenix"",""Judy Greer"",""Sigourney Weaver"",""William Hurt""]"
"62",62,"Signs","[""Joaquin Phoenix"",""Mel Gibson""]"
"63",63,"Shrek 2","[""Cameron Diaz"",""Eddie Murphy"",""Mike Myers""]"
"64",64,"Hook","[""Dustin Hoffman"",""Julia Roberts"",""Robin Williams""]"
"65",65,"S.W.A.T.","[""Colin Farrell"",""LL Cool J"",""Michelle Rodriguez"",""Olivier Martinez"",""Samuel L. Jackson""]"
"66",66,"Wolf",NA
"67",67,"I Spy","[""Eddie Murphy"",""Famke Janssen"",""Owen Wilson""]"
"68",68,"Rollerball","[""Chris Klein"",""Jean Reno""]"
"69",69,"The Sum of All Fears","[""Ben Affleck"",""Morgan Freeman""]"
"70",70,"Mystery Men","[""Ben Stiller"",""Janeane Garofalo"",""William H. Macy""]"
"71",71,"What Women Want","[""Helen Hunt"",""Mel Gibson""]"
"72",72,"The Santa Clause 2","[""David Krumholtz"",""Elizabeth Mitchell"",""Eric Lloyd"",""Spencer Breslin"",""Tim Allen"",""Wendy Crewson""]"
"73",73,"Annie","[""Aileen Quinn"",""Albert Finney"",""Carol Burnett""]"
"74",74,"Blade: Trinity","[""Dominic Purcell"",""Jessica Biel"",""Kris Kristofferson"",""Parker Posey"",""Ryan Reynolds"",""Wesley Snipes""]"
"75",75,"Hudson Hawk","[""Bruce Willis"",""Danny Aiello""]"
"76",76,"Random Hearts","[""Harrison Ford"",""Kristin Scott Thomas""]"
"77",77,"The American President","[""Annette Bening"",""Martin Sheen"",""Michael Douglas"",""Michael J. Fox""]"
"78",78,"The Italian Job","[""Charlize Theron"",""Donald Sutherland"",""Edward Norton"",""Jason Statham"",""Mark Wahlberg"",""Mos Def"",""Seth Green""]"
"79",79,"The Family Man","[""Nicolas Cage"",""T\u00e9a Leoni""]"
"80",80,"The Scorpion King","""Dwayne Johnson"""
"81",81,"Man on Fire","[""Christopher Walken"",""Dakota Fanning"",""Denzel Washington""]"
"82",82,"Jingle All the Way","[""Arnold Schwarzenegger"",""E.J. De la Pena"",""Jake Lloyd"",""James Belushi"",""Laraine Newman"",""Martin Mull"",""Phil Hartman"",""Rita Wilson"",""Robert Conrad"",""Sinbad""]"
"83",83,"Under Siege 2: Dark Territory","[""Afifi Alaouie"",""Andy Romano"",""Eric Bogosian"",""Everett McGill"",""Katherine Heigl"",""Morris Chestnut"",""Patrick Kilpatrick"",""Peter Greene"",""Scott Sowers"",""Steven Seagal""]"
"84",84,"The Sentinel","[""Eva Longoria Parker"",""Kiefer Sutherland"",""Kim Basinger"",""Michael Douglas""]"
"85",85,"Beyond Borders","[""Angelina Jolie"",""Clive Owen"",""Linus Roache""]"
"86",86,"The Flintstones in Viva Rock Vegas","[""Kristen Johnston"",""Mark Addy"",""Stephen Baldwin""]"
"87",87,"Captain Corelli's Mandolin","""Pen\u00e9lope Cruz"""
"88",88,"The Pacifier","[""Brad Garrett"",""Brittany Snow"",""Max Thieriot"",""Vin Diesel""]"
"89",89,"Walking Tall","[""Ashley Scott"",""Dwayne Johnson"",""Johnny Knoxville""]"
"90",90,"Pocahontas","[""Christian Bale"",""Linda Hunt"",""Mel Gibson""]"
"91",91,"American Wedding","[""Alyson Hannigan"",""Eugene Levy"",""Jason Biggs"",""Seann William Scott""]"
"92",92,"Casper","[""Ben Stein"",""Bill Pullman"",""Cathy Moriarty"",""Chauncey Leopardi"",""Christina Ricci"",""Don Novello"",""Eric Idle"",""Fred Rogers"",""Malachi Pearson"",""Spencer Vrooman""]"
"93",93,"Disclosure","[""Demi Moore"",""Michael Douglas""]"
"94",94,"Kill Bill: Vol. 2","[""Daryl Hannah"",""David Carradine"",""Michael Madsen"",""Uma Thurman""]"
"95",95,"Death Becomes Her","[""Adam Storke"",""Alaina Reed Hall"",""Bruce Willis"",""Goldie Hawn"",""Ian Ogilvy"",""Isabella Rossellini"",""Mary Ellen Trainor"",""Meryl Streep"",""Michelle Johnson"",""Nancy Fish""]"
"96",96,"Shanghai Noon","[""Jackie Chan"",""Lucy Liu"",""Owen Wilson""]"
"97",97,"The Ghost and the Darkness",NA
"98",98,"Chain Reaction",NA
"99",99,"The Fan","[""Ellen Barkin"",""Robert De Niro"",""Wesley Snipes""]"
"100",100,"Turbulence",NA
"101",101,"Thunderbirds","""Bill Paxton"""
"102",102,"Domestic Disturbance","""John Travolta"""
"103",103,"Beloved","[""Danny Glover"",""Oprah Winfrey""]"
"104",104,"Man on the Moon","[""Danny DeVito"",""Jim Carrey""]"
"105",105,"Robin Hood: Prince of Thieves","[""Alan Rickman"",""Brian Blessed"",""Christian Slater"",""Geraldine McEwan"",""Kevin Costner"",""Mary Elizabeth Mastrantonio"",""Michael McShane"",""Michael Wincott"",""Morgan Freeman"",""Nick Brimble""]"
"106",106,"Patch Adams","""Robin Williams"""
"107",107,"Into the Woods","[""Anna Kendrick"",""Chris Pine"",""Emily Blunt"",""Frances De La Tour"",""James Corden"",""Johnny Depp"",""Lilla Crawford"",""Lucy Punch"",""Meryl Streep""]"
"108",108,"Congo","[""Laura Linney"",""Tim Curry""]"
"109",109,"Don't Say a Word","""Michael Douglas"""
"110",110,"Absolute Power","[""Clint Eastwood"",""Ed Harris"",""Gene Hackman""]"
"111",111,"The Game","[""Deborah Kara Unger"",""Michael Douglas"",""Sean Penn""]"
"112",112,"Beverly Hills Cop III","""Eddie Murphy"""
"113",113,"Gremlins 2: The New Batch",NA
"114",114,"The Story of Us","[""Bruce Willis"",""Michelle Pfeiffer""]"
"115",115,"The Life Aquatic with Steve Zissou",NA
"116",116,"Man of the House",NA
"117",117,"Jade",NA
"118",118,"Beautiful Creatures",NA
"119",119,"Death to Smoochy",NA
"120",120,"Rat Race",NA
"121",121,"Bedazzled",NA
"122",122,"The Thomas Crown Affair",NA
"123",123,"Solaris",NA
"124",124,"America's Sweethearts",NA
"125",125,"Liar Liar",NA
"126",126,"The Flintstones",NA
"127",127,"Journey to the Center of the Earth",NA
"128",128,"Training Day",NA
"129",129,"Scary Movie 2",NA
"130",130,"Coach Carter",NA
"131",131,"Love Actually",NA
"132",132,"From Hell",NA
"133",133,"Kicking & Screaming",NA
"134",134,"The Hitchhiker's Guide to the Galaxy","[""Martin Freeman"",""Mos Def"",""Sam Rockwell"",""Warwick Davis"",""Zooey Deschanel""]"
"135",135,"The Pledge","""Benicio Del Toro"""
"136",136,"All the Pretty Horses","[""Henry Thomas"",""Matt Damon"",""Pen\u00e9lope Cruz""]"
"137",137,"Bangkok Dangerous","[""Charlie Yeung"",""Nicolas Cage"",""Shahkrit Yamnarm""]"
"138",138,"Rambo: First Blood Part II","[""Andy Wood"",""Charles Napier"",""George Cheung"",""Julia Nickson"",""Martin Kove"",""Richard Crenna"",""Steven Berkoff"",""Sylvester Stallone"",""Voyo Goric"",""William Ghent""]"
"139",139,"Heaven's Gate","[""Brad Dourif"",""Christopher Walken"",""Isabelle Huppert"",""Jeff Bridges"",""John Hurt"",""Joseph Cotten"",""Kris Kristofferson"",""Paul Koslo"",""Ronnie Hawkins"",""Sam Waterston""]"
"140",140,"Unleashed","[""Bob Hoskins"",""Jet Li"",""Morgan Freeman""]"
"141",141,"Along Came Polly","[""Alec Baldwin"",""Ben Stiller"",""Debra Messing"",""Jennifer Aniston"",""Philip Seymour Hoffman""]"
"142",142,"The Mirror Has Two Faces",NA
"143",143,"The Mothman Prophecies","[""Laura Linney"",""Richard Gere""]"
"144",144,"The Sixth Sense","[""Bruce Willis"",""Haley Joel Osment""]"
"145",145,"Scream 3","[""Courteney Cox"",""Neve Campbell""]"
"146",146,"Back to the Future Part III","[""Christopher Lloyd"",""Mary Steenburgen"",""Michael J. Fox""]"
"147",147,"Dracula","[""Anthony Hopkins"",""Gary Oldman"",""Winona Ryder""]"
"148",148,"The Talented Mr. Ripley","[""Gwyneth Paltrow"",""Jude Law"",""Matt Damon""]"
"149",149,"Ray","[""Jamie Foxx"",""Kerry Washington"",""Regina King""]"
"150",150,"Shall We Dance?","[""Jennifer Lopez"",""Richard Gere"",""Stanley Tucci"",""Susan Sarandon""]"
"151",151,"Pay It Forward","[""Haley Joel Osment"",""Helen Hunt"",""Kevin Spacey""]"
"152",152,"Fever Pitch","[""Drew Barrymore"",""Jimmy Fallon""]"
"153",153,"The Shadow",NA
"154",154,"Sweet November",NA
"155",155,"Life or Something Like It",NA
"156",156,"Impostor",NA
"157",157,"Just Visiting",NA
"158",158,"Sunshine",NA
"159",159,"The Gunman",NA
"160",160,"Hackers",NA
"161",161,"The Last Shot",NA
"162",162,"Against the Ropes","[""Charles S. Dutton"",""Meg Ryan"",""Omar Epps""]"
"163",163,"Spy Kids 2: The Island of Lost Dreams",NA
"164",164,"The Hurricane","""Denzel Washington"""
"165",165,"Extreme Measures",NA
"166",166,"White Squall","[""Caroline Goodall"",""Jeff Bridges""]"
"167",167,"The Master","[""Amy Adams"",""Jesse Plemons"",""Joaquin Phoenix"",""Philip Seymour Hoffman""]"
"168",168,"Reindeer Games","[""Ben Affleck"",""Charlize Theron""]"
"169",169,"A Man Apart","[""Larenz Tate"",""Timothy Olyphant"",""Vin Diesel""]"
"170",170,"Lethal Weapon 3","[""Danny Glover"",""Joe Pesci"",""Mel Gibson"",""Rene Russo""]"
"171",171,"Spy Kids","[""Alexa Vega"",""Antonio Banderas"",""Carla Gugino"",""Daryl Sabara""]"
"172",172,"Star Trek: The Motion Picture","[""DeForest Kelley"",""George Takei"",""James Doohan"",""Leonard Nimoy"",""Majel Barrett"",""Walter Koenig"",""William Shatner""]"
"173",173,"The English Patient","[""Juliette Binoche"",""Kristin Scott Thomas"",""Ralph Fiennes"",""Willem Dafoe""]"
"174",174,"A Nightmare on Elm Street","[""Jackie Earle Haley"",""Kyle Gallner"",""Rooney Mara""]"
"175",175,"Poltergeist","[""Kennedi Clements"",""Kyle Catlett"",""Rosemarie DeWitt"",""Sam Rockwell"",""Saxon Sharbino""]"
"176",176,"The Ladykillers","[""Irma P. Hall"",""Marlon Wayans"",""Tom Hanks""]"
"177",177,"The Bad News Bears","[""Tatum O'Neal"",""Walter Matthau""]"
"178",178,"The Pianist","[""Adrien Brody"",""Frank Finlay""]"
"179",179,"Predator 2","[""Adam Baldwin"",""Bill Paxton"",""Danny Glover"",""Gary Busey"",""Kent McCord"",""Kevin Peter Hall"",""Maria Conchita Alonso"",""Morton Downey Jr."",""Robert Davi"",""Rub\u00e9n Blades""]"
"180",180,"Wonder Boys","[""Michael Douglas"",""Tobey Maguire""]"
"181",181,"Hot Pursuit","[""Reese Witherspoon"",""Sof\u00eda Vergara""]"
"182",182,"The Four Feathers","[""Kate Hudson"",""Wes Bentley""]"
"183",183,"Krull","[""Alun Armstrong"",""Bernard Bresslaw"",""David Battley"",""Francesca Annis"",""Freddie Jones"",""Graham McGrath"",""John Welsh"",""Ken Marshall"",""Liam Neeson"",""Lysette Anthony""]"
"184",184,"Radio Flyer",NA
"185",185,"Ride with the Devil","[""Skeet Ulrich"",""Tobey Maguire""]"
"186",186,"Exit Wounds","[""DMX"",""Steven Seagal""]"
"187",187,"Elf","[""Bob Newhart"",""Edward Asner"",""Will Ferrell""]"
"188",188,"Bringing Out the Dead","[""Nicolas Cage"",""Patricia Arquette""]"
"189",189,"Cats Don't Dance",NA
"190",190,"Cradle Will Rock",NA
"191",191,"Arachnophobia","[""Brian McNamara"",""Harley Jane Kozak"",""Henry Jones"",""James Handy"",""Jeff Daniels"",""John Goodman"",""Julian Sands"",""Mark L. Taylor"",""Peter Jason"",""Stuart Pankin""]"
"192",192,"Speed","[""Dennis Hopper"",""Keanu Reeves"",""Sandra Bullock""]"
"193",193,"The Addams Family","[""Anjelica Huston"",""Christopher Lloyd"",""Raul Julia""]"
"194",194,"Ace Ventura: When Nature Calls","""Jim Carrey"""
"195",195,"The Prince of Tides","[""Barbra Streisand"",""Nick Nolte""]"
"196",196,"About Schmidt","[""Dermot Mulroney"",""Hope Davis"",""Jack Nicholson""]"
"197",197,"Message in a Bottle","[""Kevin Costner"",""Paul Newman"",""Robin Wright""]"
"198",198,"Secondhand Lions","[""Haley Joel Osment"",""Michael Caine"",""Robert Duvall""]"
"199",199,"One True Thing","[""Meryl Streep"",""Ren\u00e9e Zellweger"",""William Hurt""]"
"200",200,"The Replacement Killers",NA
"201",201,"Fright Night",NA
"202",202,"In Dreams",NA
"203",203,"Ripley's Game",NA
"204",204,"Cry Freedom",NA
"205",205,"Mumford",NA
"206",206,"Dawn of the Dead",NA
"207",207,"The Wedding Planner",NA
"208",208,"Identity",NA
"209",209,"For Your Eyes Only",NA
"210",210,"Serendipity",NA
"211",211,"Hocus Pocus",NA
"212",212,"Rob Roy",NA
"213",213,"About a Boy",NA
"214",214,"Dark City",NA
"215",215,"Freaky Friday",NA
"216",216,"Ever After: A Cinderella Story",NA
"217",217,"Flatliners",NA
"218",218,"In Good Company",NA
"219",219,"Original Sin","[""Angelina Jolie"",""Antonio Banderas""]"
"220",220,"Flipper","[""Ann Carey"",""Bill Kelley"",""Chelsea Field"",""Elijah Wood"",""Jason Fuchs"",""Jonathan Banks"",""Luke Halpin"",""Mark Casella"",""Paul Hogan"",""Robert Deacon""]"
"221",221,"The Passion of the Christ","[""James Caviezel"",""Monica Bellucci""]"
"222",222,"Scooby-Doo 2: Monsters Unleashed",NA
"223",223,"Freddy vs. Jason","[""Kelly Rowland"",""Ken Kirzinger"",""Robert Englund""]"
"224",224,"Jimmy Neutron: Boy Genius","[""Debi Derryberry"",""Rob Paulsen""]"
"225",225,"Bridget Jones's Diary","[""Colin Firth"",""Ren\u00e9e Zellweger""]"
"226",226,"Chocolat","""Alfred Molina"""
"227",227,"The Omen","[""Julia Stiles"",""Liev Schreiber"",""Seamus Davey-Fitzpatrick""]"
"228",228,"Finding Neverland","[""Johnny Depp"",""Julie Christie"",""Kate Winslet""]"
"229",229,"Nothing to Lose",NA
"230",230,"Beauty Shop","[""Alicia Silverstone"",""Queen Latifah""]"
"231",231,"Elizabeth","""Cate Blanchett"""
"232",232,"Bride of Chucky","[""Alexis Arquette"",""Brad Dourif"",""Gordon Michael Woolvett"",""James Gallanders"",""Jennifer Tilly"",""John Ritter"",""Katherine Heigl"",""Lawrence Dane"",""Michael Louis Johnson"",""Nick Stabile""]"
"233",233,"Spice World","[""Emma Bunton"",""Geri Halliwell"",""Melanie Brown"",""Melanie Chisholm"",""Victoria Beckham""]"
"234",234,"He Got Game","[""Denzel Washington"",""Milla Jovovich""]"
"235",235,"Half Past Dead","[""Bruce Weitz"",""Ja Rule"",""Matt Battaglia"",""Morris Chestnut"",""Steven Seagal""]"
"236",236,"Bright Lights, Big City",NA
"237",237,"Stealing Harvard","[""Jason Lee"",""Tom Green""]"
"238",238,"Michael Collins","[""Aidan Quinn"",""Julia Roberts"",""Liam Neeson""]"
"239",239,"Abandon",NA
"240",240,"Tank Girl",NA
"241",241,"King's Ransom",NA
"242",242,"I Still Know What You Did Last Summer",NA
"243",243,"Bad Boys",NA
"244",244,"Joy Ride",NA
"245",245,"Marvin's Room",NA
"246",246,"Ghost",NA
"247",247,"The Santa Clause",NA
"248",248,"The Rookie",NA
"249",249,"Derailed",NA
"250",250,"RoboCop 3","[""Jodi Long"",""John Castle"",""John Posey"",""Mako"",""Mario Machado"",""Remy Ryan"",""Rip Torn"",""Robert John Burke"",""S.D. Nemeth""]"
"251",251,"The Libertine","[""John Malkovich"",""Johnny Depp""]"
"252",252,"Teenage Mutant Ninja Turtles III","[""David Fraser"",""Elias Koteas"",""James Murray"",""Jim Raposa"",""Mark Caso"",""Matt Hill"",""Paige Turco"",""Sab Shimono"",""Stuart Wilson"",""Vivian Wu""]"
"253",253,"The Rage: Carrie 2","[""Emily Bergl"",""Jason London""]"
"254",254,"Molly",NA
"255",255,"The Best Little Whorehouse in Texas","[""Burt Reynolds"",""Charles Durning"",""Dolly Parton"",""Dom DeLuise"",""Jim Nabors"",""Lois Nettleton"",""Noah Beery Jr."",""Raleigh Bond"",""Robert Mandan"",""Theresa Merritt""]"
"256",256,"Home Alone 2: Lost in New York",NA
"257",257,"The Silence of the Lambs","[""Anthony Hopkins"",""Jodie Foster""]"
"258",258,"Wayne's World","[""Dana Carvey"",""Mike Myers""]"
"259",259,"Premonition","[""Amber Valletta"",""Julian McMahon"",""Sandra Bullock""]"
"260",260,"Ghost Ship","[""Gabriel Byrne"",""Julianna Margulies"",""Ron Eldard""]"
"261",261,"Wild Things","[""Kevin Bacon"",""Matt Dillon"",""Neve Campbell""]"
"262",262,"High Fidelity","""John Cusack"""
"263",263,"Eternal Sunshine of the Spotless Mind","[""Jim Carrey"",""Kate Winslet"",""Tom Wilkinson""]"
"264",264,"Vampires","[""Daniel Baldwin"",""James Woods""]"
"265",265,"Psycho","[""Anne Heche"",""Vince Vaughn""]"
"266",266,"Pooh's Heffalump Movie","[""Brenda Blethyn"",""Jim Cummings"",""Kyle Stanger""]"
"267",267,"A Guy Thing","[""Jason Lee"",""Julia Stiles"",""Selma Blair""]"
"268",268,"Undisputed","[""Ving Rhames"",""Wesley Snipes""]"
"269",269,"Three to Tango","[""Dylan McDermott"",""Matthew Perry"",""Neve Campbell""]"
"270",270,"Superbabies: Baby Geniuses 2","[""Jon Voight"",""Scott Baio"",""Vanessa Angel""]"
"271",271,"Princess Mononoke","[""Y\u00f4ji Matsuda"",""Y\u00fbko Tanaka"",""Yuriko Ishida""]"
"272",272,"People I Know","[""Al Pacino"",""Ryan O'Neal"",""T\u00e9a Leoni""]"
"273",273,"Sea of Love","[""Al Pacino"",""Ellen Barkin"",""Gene Canfield"",""John Goodman"",""John Spencer"",""Larry Joshua"",""Michael Rooker"",""Paul Calderon"",""Richard Jenkins"",""William Hickey""]"
"274",274,"A Cinderella Story","[""Chad Michael Murray"",""Hilary Duff"",""Jennifer Coolidge""]"
"275",275,"Scream","[""Courteney Cox"",""David Arquette"",""Neve Campbell"",""Skeet Ulrich""]"
"276",276,"I Can Do Bad All By Myself","[""Adam Rodriguez"",""Taraji P. Henson"",""Tyler Perry""]"
"277",277,"Spirited Away","""Miyu Irino"""
"278",278,"The Fall of the Roman Empire",NA
"279",279,"The Amityville Horror","[""Jimmy Bennett"",""Melissa George"",""Ryan Reynolds""]"
"280",280,"Fear and Loathing in Las Vegas","[""Benicio Del Toro"",""Johnny Depp""]"
"281",281,"Mean Girls","[""Jonathan Bennett"",""Lindsay Lohan"",""Rachel McAdams""]"
"282",282,"Honey","[""Jessica Alba"",""Lil' Romeo"",""Mekhi Phifer"",""Missy 'Misdemeanor' Elliott""]"
"283",283,"Fame","[""Bebe Neuwirth"",""Kelsey Grammer"",""Megan Mullally""]"
"284",284,"Small Time Crooks","[""Tracey Ullman"",""Woody Allen""]"
"285",285,"Center Stage","[""Amanda Schull"",""Ethan Stiefel"",""Sascha Radetsky""]"
"286",286,"Life as a House","[""Hayden Christensen"",""Kevin Kline""]"
"287",287,"The Ice Storm","[""Joan Allen"",""Kevin Kline""]"
"288",288,"Ed Wood","[""Johnny Depp"",""Martin Landau""]"
"289",289,"Red Sonja","[""Arnold Schwarzenegger"",""Brigitte Nielsen"",""Donna Osterbuhr"",""Ernie Reyes Jr."",""Janet Agren"",""Pat Roach"",""Paul L. Smith"",""Ronald Lacey"",""Sandahl Bergman"",""Terry Richards""]"
"290",290,"Hitman","[""Dougray Scott"",""Olga Kurylenko"",""Timothy Olyphant""]"
"291",291,"City of Ghosts","[""James Caan"",""Matt Dillon"",""Natascha McElhone""]"
"292",292,"The Others","[""Christopher Eccleston"",""Nicole Kidman""]"
"293",293,"Sideways","[""Paul Giamatti"",""Sandra Oh"",""Thomas Haden Church"",""Virginia Madsen""]"
"294",294,"The Adventures of Elmo in Grouchland",NA
"295",295,"Superman IV: The Quest for Peace","[""Christopher Reeve"",""Gene Hackman"",""Margot Kidder""]"
"296",296,"Shanghai Surprise",NA
"297",297,"Sense and Sensibility","[""Emma Thompson"",""Kate Winslet""]"
"298",298,"House of Sand and Fog","[""Ben Kingsley"",""Jennifer Connelly"",""Ron Eldard""]"
"299",299,"Double Impact",NA
"300",300,"The Women","[""Annette Bening"",""Eva Mendes"",""Meg Ryan""]"
"301",301,"Boys and Girls","[""Claire Forlani"",""Freddie Prinze Jr.""]"
"302",302,"The Cookout","[""Ja Rule"",""Jenifer Lewis"",""Quran Pender""]"
"303",303,"Ararat","[""Brent Carver"",""Charles Aznavour""]"
"304",304,"Beverly Hills Cop","""Eddie Murphy"""
"305",305,"American Beauty","[""Annette Bening"",""Kevin Spacey""]"
"306",306,"National Lampoon's Vacation","[""Beverly D'Angelo"",""Chevy Chase""]"
"307",307,"The Deer Hunter","[""Christopher Walken"",""Robert De Niro""]"
"308",308,"The Faculty","[""Clea DuVall"",""Jordana Brewster""]"
"309",309,"Not Another Teen Movie",NA
"310",310,"Halloween II",NA
"311",311,"The Last House on the Left",NA
"312",312,"Confessions of a Teenage Drama Queen",NA
"313",313,"Tuck Everlasting",NA
"314",314,"Disturbing Behavior",NA
"315",315,"Firestarter",NA
"316",316,"Freddy Got Fingered",NA
"317",317,"The Muse",NA
"318",318,"The Importance of Being Earnest",NA
"319",319,"The Love Letter",NA
"320",320,"The Clan of the Cave Bear",NA
"321",321,"Things to Do in Denver When You're Dead",NA
"322",322,"Buffalo Soldiers",NA
"323",323,"The Return",NA
"324",324,"Superstar","""Molly Shannon"""
"325",325,"Dead Man on Campus","[""Mark-Paul Gosselaar"",""Tom Everett Scott""]"
"326",326,"Crooklyn","[""Alfre Woodard"",""Delroy Lindo""]"
"327",327,"The Caveman's Valentine","[""Colm Feore"",""Samuel L. Jackson""]"
"328",328,"10 Things I Hate About You","[""Heath Ledger"",""Julia Stiles""]"
"329",329,"The Big Hit","[""Lou Diamond Phillips"",""Mark Wahlberg""]"
"330",330,"Being John Malkovich","[""Cameron Diaz"",""Catherine Keener"",""John Cusack"",""John Malkovich""]"
"331",331,"Two Can Play That Game","[""Morris Chestnut"",""Vivica A. Fox""]"
"332",332,"Crazy/Beautiful","[""Jay Hernandez"",""Kirsten Dunst""]"
"333",333,"Dirty Work",NA
"334",334,"Serial Mom","[""Justin Whalin"",""Kathleen Turner"",""Lonnie Horsey"",""Matthew Lillard"",""Mink Stole"",""Patricia Dunnock"",""Ricki Lake"",""Sam Waterston"",""Scott Morgan"",""Walt MacPherson""]"
"335",335,"Quest for Fire","[""Brian Gill"",""Everett McGill"",""Franck-Olivier Bonnet"",""Gary Schwartz"",""Jean-Michel Kindt"",""Kurt Schiegl"",""Naseer El-Kadi"",""Nicholas Kadi"",""Rae Dawn Chong"",""Ron Perlman""]"
"336",336,"The Killer Inside Me","[""Casey Affleck"",""Jessica Alba"",""Kate Hudson""]"
"337",337,"Tae Guk Gi: The Brotherhood of War",NA
"338",338,"Jaws","[""Richard Dreyfuss"",""Robert Shaw"",""Robert Shaw"",""Roy Scheider""]"
"339",339,"Barbershop","[""Cedric the Entertainer"",""Eve"",""Ice Cube""]"
"340",340,"Time Bandits","[""David Rappaport"",""David Warner"",""Ian Holm"",""John Cleese"",""Katherine Helmond"",""Michael Palin"",""Peter Vaughan"",""Ralph Richardson"",""Sean Connery"",""Shelley Duvall""]"
"341",341,"Crossroads","[""Anson Mount"",""Britney Spears""]"
"342",342,"How High","[""Method Man"",""Redman""]"
"343",343,"Frida","[""Alfred Molina"",""Salma Hayek""]"
"344",344,"The Postman Always Rings Twice","[""Jack Nicholson"",""Jessica Lange""]"
"345",345,"Ravenous","[""Guy Pearce"",""Robert Carlyle""]"
"346",346,"The Dangerous Lives of Altar Boys","[""Jena Malone"",""Kieran Culkin""]"
"347",347,"Madadayo",NA
"348",348,"Doctor Zhivago","[""Alec Guinness"",""Geraldine Chaplin"",""Jeffrey Rockland"",""Julie Christie"",""Omar Sharif"",""Ralph Richardson"",""Rita Tushingham"",""Rod Steiger"",""Siobhan McKenna"",""Tom Courtenay""]"
"349",349,"Major League","[""Charlie Sheen"",""Tom Berenger""]"
"350",350,"Army of Darkness","""Bruce Campbell"""
"351",351,"The Molly Maguires",NA
"352",352,"An Ideal Husband","[""Julianne Moore"",""Rupert Everett""]"
"353",353,"The Color of Money","[""Paul Newman"",""Tom Cruise""]"
"354",354,"The Longest Day",NA
"355",355,"Recess: School's Out","[""Andrew Lawrence"",""Rickey D'Shon Collins""]"
"356",356,"Commando","[""Alyssa Milano"",""Arnold Schwarzenegger"",""Bill Duke"",""Dan Hedaya"",""David Patrick Kelly"",""Drew Snyder"",""James Olson"",""Rae Dawn Chong"",""Sharon Wyatt"",""Vernon Wells""]"
"357",357,"Friday After Next","[""Ice Cube"",""John Witherspoon"",""Mike Epps""]"
"358",358,"The Last Dragon",NA
"359",359,"The Lawnmower Man","[""Jeff Fahey"",""Pierce Brosnan""]"
"360",360,"Dogma","[""Ben Affleck"",""Linda Fiorentino"",""Matt Damon""]"
"361",361,"Swimfan","[""Erika Christensen"",""Jesse Bradford"",""Shiri Appleby""]"
"362",362,"Pete's Dragon","[""Aaron Jackson"",""Bryce Dallas Howard"",""Isiah Whitlock Jr"",""Karl Urban"",""Marcus Henderson"",""Oakes Fegley"",""Oona Laurence"",""Robert Redford"",""Wes Bentley""]"
"363",363,"The Dead Zone",NA
"364",364,"Valentine",NA
"365",365,"On the Line",NA
"366",366,"The Limey",NA
"367",367,"Gun Shy",NA
"368",368,"Nicholas Nickleby",NA
"369",369,"Cecil B. Demented",NA
"370",370,"Owning Mahowny",NA
"371",371,"Richard III",NA
"372",372,"Igby Goes Down","[""Jeff Goldblum"",""Kieran Culkin"",""Susan Sarandon""]"
"373",373,"PCU","[""Alex D\u00e9sert"",""Chris Young"",""Darin Heames"",""Gale Mayron"",""Jake Grace"",""Jeremy Piven"",""Jon Favreau"",""Matt Ross"",""Megan Ward"",""Stivi Paskoski""]"
"374",374,"Velvet Goldmine","[""Ewan McGregor"",""Jonathan Rhys Meyers""]"
"375",375,"Two Evil Eyes","[""Adrienne Barbeau"",""Harvey Keitel""]"
"376",376,"Barbarella","[""Anita Pallenberg"",""Claude Dauphin"",""Giancarlo Cobelli"",""Jane Fonda"",""John Phillip Law"",""Marcel Marceau"",""Milo O'Shea"",""Nino Musco"",""Serge Marquand"",""V\u00e9ronique Vendell""]"
"377",377,"Club Dread","[""Jay Chandrasekhar"",""Kevin Heffernan""]"
"378",378,"28 Days Later","[""Cillian Murphy"",""Naomie Harris""]"
"379",379,"Escape from Alcatraz","[""Bruce M. Fischer"",""Clint Eastwood"",""Frank Ronzio"",""Fred Stuthman"",""Fred Ward"",""Jack Thibeau"",""Larry Hankin"",""Patrick McGoohan"",""Paul Benjamin"",""Roberts Blossom""]"
"380",380,"Half Baked","[""Dave Chappelle"",""Guillermo D\u00edaz""]"
"381",381,"American Psycho","""Christian Bale"""
"382",382,"Shadow of the Vampire","[""John Malkovich"",""Willem Dafoe""]"
"383",383,"Woman on Top","""Pen\u00e9lope Cruz"""
"384",384,"Swimming Pool","[""Charles Dance"",""Charlotte Rampling"",""Ludivine Sagnier""]"
"385",385,"The Hole","[""Chris Massoglia"",""Haley Bennett"",""Nathan Gamble"",""Teri Polo""]"
"386",386,"The Omega Code",NA
"387",387,"The Piano","[""Harvey Keitel"",""Holly Hunter"",""Sam Neill""]"
"388",388,"Logan's Run","[""Farrah Fawcett"",""Gary Morgan"",""Jenny Agutter"",""Lara Lindsay"",""Michael Anderson Jr."",""Michael York"",""Peter Ustinov"",""Randolph Roberts"",""Richard Jordan"",""Roscoe Lee Browne""]"
"389",389,"Action Jackson","[""Bill Duke"",""Carl Weathers"",""Craig T. Nelson"",""Jack Thibeau"",""Robert Davi"",""Roger Aaron Brown"",""Sharon Stone"",""Stan Foster"",""Thomas F. Wilson"",""Vanity""]"
"390",390,"In Too Deep",NA
"391",391,"The Last Temptation of Christ","[""Barbara Hershey"",""Harvey Keitel"",""Willem Dafoe""]"
"392",392,"Rabbit-Proof Fence",NA
"393",393,"The Other Side of Heaven","[""Anne Hathaway"",""Christopher Gorham""]"
"394",394,"Gerry",NA
"395",395,"The Four Seasons","[""Alan Alda"",""Beatrice Alda"",""Bess Armstrong"",""Carol Burnett"",""Elizabeth Alda"",""Jack Weston"",""Len Cariou"",""Rita Moreno"",""Robert Hitt"",""Sandy Dennis""]"
"396",396,"Aberdeen","[""Lena Headey"",""Stellan Skarsg\u00e5rd""]"
"397",397,"The Return of the Living Dead","[""Beverly Randolph"",""Brian Peck"",""Clu Gulager"",""Don Calfa"",""James Karen"",""Jewel Shepard"",""John Philbin"",""Linnea Quigley"",""Miguel A. N\u00fa\u00f1ez Jr."",""Thom Mathews""]"
"398",398,"Ordinary People","[""Donald Sutherland"",""Mary Tyler Moore""]"
"399",399,"The Brothers","[""Morris Chestnut"",""Shemar Moore""]"
"400",400,"A Mighty Wind","[""Christopher Guest"",""Eugene Levy"",""Harry Shearer"",""Michael McKean""]"
"401",401,"Halloween 5: The Revenge of Michael Myers","""Donald Pleasence"""
"402",402,"200 Cigarettes","[""Angela Featherstone"",""Ben Affleck"",""Casey Affleck"",""Dave Chappelle"",""Gaby Hoffmann"",""Guillermo D\u00edaz"",""Janeane Garofalo"",""Kate Hudson""]"
"403",403,"Morvern Callar","[""Kathleen McDermott"",""Linda McGuire"",""Samantha Morton""]"
"404",404,"11:14","[""Barbara Hershey"",""Ben Foster"",""Blake Heron"",""Clark Gregg"",""Colin Hanks"",""Henry Thomas"",""Hilary Swank"",""Patrick Swayze"",""Rachael Leigh Cook"",""Shawn Hatosy"",""Stark Sands""]"
"405",405,"Bend It Like Beckham","[""Jonathan Rhys Meyers"",""Keira Knightley"",""Parminder Nagra""]"
"406",406,"Sunshine State","[""Angela Bassett"",""Edie Falco""]"
"407",407,"The Sting","[""Paul Newman"",""Robert Redford""]"
"408",408,"The Chorus","[""Fran\u00e7ois Berl\u00e9and"",""G\u00e9rard Jugnot"",""Jean-Baptiste Maunier""]"
"409",409,"Wonderland","[""Josh Lucas"",""Kate Bosworth"",""Val Kilmer""]"
"410",410,"Irreversible","[""Albert Dupontel"",""Monica Bellucci"",""Vincent Cassel""]"
"411",411,"A Nightmare on Elm Street 3: Dream Warriors","[""Bradley Gregg"",""Craig Wasson"",""Heather Langenkamp"",""Ira Heiden"",""Jennifer Rubin"",""Ken Sagoes"",""Laurence Fishburne"",""Patricia Arquette"",""Robert Englund"",""Rodney Eastman""]"
"412",412,"20,000 Leagues Under the Sea",NA
"413",413,"Nighthawks","[""Billy Dee Williams"",""E. Brian Dean"",""Hilarie Thompson"",""Joe Spinell"",""Lindsay Wagner"",""Nigel Davenport"",""Persis Khambatta"",""Rutger Hauer"",""Sylvester Stallone"",""Walter Mathews""]"
"414",414,"April Fool's Day",NA
"415",415,"A Farewell to Arms",NA
"416",416,"A Farewell to Arms",NA
"417",417,"A Farewell to Arms",NA
"418",418,"A Farewell to Arms",NA
"419",419,"Robin and Marian",NA
"420",420,"Party Monster","[""Macaulay Culkin"",""Seth Green"",""Wilson Cruz""]"
"421",421,"Bottle Rocket","[""Luke Wilson"",""Owen Wilson""]"
"422",422,"Fascination",NA
"423",423,"Area 51",NA
"424",424,"Dear Frankie","[""Emily Mortimer"",""Gerard Butler"",""Jack McElhone""]"
"425",425,"Treading Water",NA
"426",426,"Four Weddings and a Funeral","[""Andie MacDowell"",""Hugh Grant""]"
"427",427,"25th Hour","[""Barry Pepper"",""Edward Norton"",""Philip Seymour Hoffman""]"
"428",428,"Bound",NA
"429",429,"Character",NA
"430",430,"Spun",NA
"431",431,"Mean Machine",NA
"432",432,"Whale Rider",NA
"433",433,"Porky's",NA
"434",434,"The Wash",NA
"435",435,"Talk Radio",NA
"436",436,"The Big Tease",NA
"437",437,"The Velocity of Gary",NA
"438",438,"Hell's Angels",NA
"439",439,"Network",NA
"440",440,"Midnight Cowboy",NA
"441",441,"The Full Monty",NA
"442",442,"Chain of Command",NA
"443",443,"Frenzy",NA
"444",444,"Human Traffic",NA
"445",445,"Rosemary's Baby",NA
"446",446,"Goldfinger",NA
"447",447,"Trainspotting",NA
"448",448,"Bowling for Columbine",NA
"449",449,"Coming Home",NA
"450",450,"Spaced Invaders",NA
"451",451,"Trippin'",NA
"452",452,"Woman Thou Art Loosed",NA
"453",453,"Whipped",NA
"454",454,"Basquiat",NA
"455",455,"Happiness",NA
"456",456,"Riding Giants",NA
"457",457,"Singin' in the Rain",NA
"458",458,"Garden State",NA
"459",459,"Saving Face",NA
"460",460,"The Hustler",NA
"461",461,"Thirteen",NA
"462",462,"Ghost Dog: The Way of the Samurai",NA
"463",463,"Dinner Rush",NA
"464",464,"It's All Gone Pete Tong",NA
"465",465,"Bananas",NA
"466",466,"Highway",NA
"467",467,"Northfork","[""Anthony Edwards"",""Duel Farnes"",""Nick Nolte""]"
"468",468,"A Streetcar Named Desire","[""Ann Dere"",""Karl Malden"",""Kim Hunter"",""Marlon Brando"",""Nick Dennis"",""Peg Hillias"",""Richard Garrick"",""Rudy Bond"",""Vivien Leigh"",""Wright King""]"
"469",469,"Buffalo '66",NA
"470",470,"Repo Man",NA
"471",471,"The Ballad of Jack and Rose",NA
"472",472,"Modern Times",NA
"473",473,"Lock, Stock and Two Smoking Barrels","[""Dexter Fletcher"",""Jason Flemyng""]"
"474",474,"Trees Lounge","[""Anthony LaPaglia"",""Bronson Dudley"",""Carol Kane"",""Elizabeth Bracco"",""John Ventimiglia"",""Mark Boone Junior"",""Michael Buscemi"",""Steve Buscemi"",""Steven Randazzo"",""Suzanne Shepherd""]"
"475",475,"The Hebrew Hammer","[""Adam Goldberg"",""Andy Dick"",""Judy Greer""]"
"476",476,"Rebecca",NA
"477",477,"How Green Was My Valley",NA
"478",478,"Saw","[""Cary Elwes"",""Danny Glover"",""Leigh Whannell""]"
"479",479,"Monsoon Wedding","[""Lillete Dubey"",""Naseeruddin Shah""]"
"480",480,"Reservoir Dogs","[""Harvey Keitel"",""Michael Madsen"",""Tim Roth""]"
"481",481,"Grand Theft Parsons","[""Christina Applegate"",""Johnny Knoxville"",""Marley Shelton""]"
"482",482,"Two Girls and a Guy","[""Heather Graham"",""Natasha Gregson Wagner"",""Robert Downey Jr.""]"
"483",483,"Walking and Talking","[""Anne Heche"",""Catherine Keener""]"
"484",484,"Slam",NA
"485",485,"Orgazmo","[""Dian Bachar"",""Trey Parker""]"
"486",486,"Charly",NA
"487",487,"Time Changer",NA
"488",488,"Interview with the Assassin",NA
"489",489,"Hoop Dreams",NA
"490",490,"Love Letters",NA
"491",491,"Mean Creek",NA
"492",492,"Seven Samurai",NA
"493",493,"The Slaughter Rule",NA
"494",494,"The Toxic Avenger",NA
"495",495,"Napoleon Dynamite",NA
"496",496,"Cries and Whispers",NA
"497",497,"Intolerance",NA
"498",498,"Trekkies",NA
"499",499,"Tupac: Resurrection",NA
"500",500,"Chasing Amy",NA
"501",501,"A Fistful of Dollars",NA
"502",502,"Sweet Sweetback's Baadasssss Song",NA
"503",503,"Roger & Me",NA
"504",504,"Hollywood Shuffle",NA
"505",505,"The Mighty",NA
"506",506,"The Lost Skeleton of Cadavra",NA
"507",507,"Super Size Me",NA
"508",508,"The Brothers McMullen",NA
"509",509,"Clerks",NA
"510",510,"Manito",NA
"511",511,"Primer",NA
